,name,polars,labels
0,1l_1n-1,"[(101.0, 1.9024088846738192), (83.0, 1.7453292519943295)]","[(218.00000000000003, 384.0), (200.0, 366.0)]"
